--Enums----------------------------------------------------
-- 8 intruments
INSERT INTO instrument_type (type) VALUES
('Violin'), ('Cello'), ('Guitar'), ('Harp'), ('Veena'), ('Sitar'),
('Viola'), ('Mandolin');

-- 8 brands
INSERT INTO instrument_brand (brand) VALUES
('Gibson'),
('Harman Professional'),
('Shure'),
('Yamaha'),
('Fender Musical Instruments'),
('Steinway Musical Instruments'),
('Sennheiser'),
('Roland');

-- 7 genres
INSERT INTO genre (genre) VALUES
('Hip Hop'), ('Blues'), ('Jazz'), ('EDM'), ('Pop'), ('Funk'), ('Country');

INSERT INTO student_instrument (instrument) VALUES
('Violin'), ('Cello'), ('Guitar'), ('Harp'), ('Veena'), ('Sitar'),
('Viola'), ('Mandolin');

INSERT INTO lesson_type (type) VALUES
('Individual'), ('Group'), ('Ensemble');

INSERT INTO price_type (type) VALUES
('Individual'), ('Group'), ('Ensemble');

INSERT INTO price_skill_level (skill_level) VALUES
('Beginner'), ('Intermediate'), ('Advanced');
-----------------------------------------------------------


INSERT INTO contact_person (email,phone)
VALUES
  ('adgdf.dfggf@hotmail.com','055-772-5743');

INSERT INTO student (name,person_number,email,phone,street,city,zip,contact_person_id)
VALUES
  ('Isaiah Holland',212584015386,'blandit.enim@aol.couk','024-383-2117','Ap #353-2438 At, Road','Bydgoszcz','20758',1),
  ('Linus Huff',212833149108,'in@google.couk','036-929-8147','314-3455 Elit Road','Tyumen','28511',1),
  ('Berk Maxwell',283508274945,'ornare.lectus.justo@yahoo.edu','045-772-5743','Ap #595-4851 In Ave','Vandoeuvre-lès-Nancy','351214',1),
  ('Eliana Holder',231987782055,'semper.egestas.urna@hotmail.ca','003-433-1731','7809 Eu St.','Siquirres','2172-5713','1'),
  ('Martha Best',114459355228,'quisque.porttitor.eros@icloud.edu','035-991-8753','Ap #436-4325 Metus Avenue','Bắc Kạn','74968-85547',1),
  ('Amanda Howe',134492935830,'ut.dolor.dapibus@outlook.org','030-220-8238','Ap #595-8077 Ornare Avenue','Gävle','634286',1),
  ('Nasim Wheeler',286421079955,'mi@icloud.couk','073-666-7355','3822 Risus. Street','Warren','2456-0826',1),
  ('Rylee Combs',144848489377,'mattis.ornare.lectus@hotmail.edu','007-094-3626','Ap #660-5396 Accumsan Avenue','Kristiansand','38-315',1),
  ('Bruce Pacheco',127088140448,'magna@yahoo.org','026-695-1675','660-1676 Phasellus Ave','Frankston','7658',1),
  ('Ryder Chaney',124304700349,'elementum.sem@yahoo.org','007-634-6807','480-6624 Elit. Road','Santander','628537',1),
  ('Demetrius Le',150519501893,'integer.vulputate@outlook.couk','014-395-5745','8563 Dictum St.','Carcassonne','46155',1),
  ('Nissim Lara',179758220318,'sed.eu@aol.com','034-652-2064','853-9991 Metus Street','King William''s Town','1621-9426',1),
  ('Herman Vincent',210997621034,'ut@yahoo.couk','064-542-3888','Ap #802-304 Fringilla. St.','Solingen','12-071',1),
  ('Prescott Oneil',258797362752,'donec@yahoo.org','013-139-2250','4153 Bibendum St.','Bathgate','26735',1),
  ('Malcolm Norris',169043639041,'rhoncus.proin@yahoo.edu','001-285-3457','Ap #426-1100 Lacus. St.','Palayan','42887-410',1),
  ('Gloria Brown',279912411181,'nec.malesuada@aol.com','085-356-3536','1414 Feugiat Rd.','Yeosu','366782',1),
  ('Jillian Sanchez',203674202655,'ligula.nullam@google.net','098-468-6630','406-6567 Ut Road','Kamianets-Podilskyi','205935',1),
  ('Clare Copeland',267262690224,'luctus.vulputate@protonmail.ca','034-217-4423','Ap #651-3037 Aliquam Road','Linköping','83703',1),
  ('Jada Gallagher',164089226782,'malesuada@google.couk','017-596-5566','P.O. Box 659, 1212 Dolor Road','Ivanovo','466853',1),
  ('Griffith Hooper',293726526565,'felis.purus@outlook.ca','036-478-1225','P.O. Box 272, 2410 Et Rd.','Bila Tserkva','56108',1),
  ('Russell Baker',260930023347,'faucibus@protonmail.org','061-714-1241','Ap #840-9442 Mauris Road','Inírida','73079',1),
  ('Gannon Kelley',111779980834,'aliquam.auctor.velit@yahoo.org','076-738-1411','Ap #561-8436 Vel Avenue','Mora','942014',1),
  ('Mallory Owens',160263265650,'cras.vulputate.velit@yahoo.net','082-366-1898','P.O. Box 496, 9140 Proin St.','Paulista','14327',1),
  ('Alexander Middleton',124883255170,'sapien.gravida.non@aol.ca','050-158-3778','935-1608 Lorem Avenue','Calera de Tango','85483',1),
  ('Jenette Buck',102805955841,'neque.morbi@outlook.ca','040-637-3728','362-6672 Non Street','Bruck an der Mur','33082',1),
  ('Susan Francis',253351708503,'imperdiet@google.com','077-938-4678','6770 Nulla. Avenue','Nha Trang','74539',1),
  ('Paloma Copeland',186609212403,'eu@hotmail.org','092-972-7536','Ap #379-4493 Nunc St.','Neiva','58438',1),
  ('Rylee Roth',220271687526,'cursus@protonmail.net','042-589-9314','Ap #420-9756 Eu Street','Armstrong','437346',1),
  ('Paki Bradley',134966560820,'ante@protonmail.org','048-102-4110','Ap #327-4724 Interdum Street','Cork','917938',1),
  ('Isabelle Meyers',183298394053,'augue.porttitor.interdum@hotmail.com','020-663-7970','Ap #122-1005 Lectus. Avenue','Paz de Ariporo','15670-48627',1);

INSERT INTO instructor (name,person_number,email,phone,can_teach_ensemble,street,city,zip)
VALUES
  ('Ashton Mays',104846539559,'nec.diam@outlook.com','057-615-8747','Yes','Ap #219-4363 Diam Street','Gjøvik','17883'),
  ('Joan Sims',236568912064,'vitae.posuere.at@aol.com','013-433-1786','Yes','P.O. Box 418, 7309 Neque. Avenue','Aiseau','969217'),
  ('Quynn Bryan',132609093309,'tortor.integer@aol.ca','045-714-6253','Yes','5136 Dolor. Rd.','Booischot','363325'),
  ('Chester Wilkerson',112709250228,'interdum.nunc@yahoo.net','025-947-8426','Yes','858-6185 Molestie Street','Kupang','19-083'),
  ('Yoshio Griffin',148110676224,'vel.venenatis@yahoo.couk','022-868-3265','Yes','470-4820 Fusce Avenue','Sherani','22252'),
  ('Marshall Henry',206108323672,'curabitur.dictum.phasellus@outlook.ca','001-638-2663','Yes','P.O. Box 426, 362 Faucibus Av.','Voronezh','65293'),
  ('Declan Keith',190288586340,'pede.blandit@yahoo.net','081-185-2270','Yes','8616 Sodales Rd.','Naperville','586722'),
  ('Julie Langley',193193686291,'mi.fringilla@hotmail.ca','090-105-2511','No','683-2355 Metus. Road','Istanbul','14327'),
  ('Brianna Orr',240926377543,'tortor@google.org','062-987-0657','Yes','795-3633 Sapien, St.','Zhejiang','233326'),
  ('Nasim Bates',294094281956,'id.sapien.cras@hotmail.edu','038-847-6268','No','Ap #191-9521 Gravida Ave','Okene','19895');
  
-- for task 3 no need
-- INSERT INTO instrument (instrument_brand_id, instrument_type_id, instrument_id, cost) VALUES 


-- for task 3 no need
-- INSERT INTO instrument_renting (start_date, end_date,student_id, instrument_id) VALUES 


INSERT INTO sibling (student_id, sibling_id)
VALUES
  (20,26),
  (5,16),
  (19,18),
  (19,22),
  (29,24),
  (26,2),
  (8,12),
  (24,3),
  (18,23),
  (5,8),
  (18,24),
  (15,16),
  (16,26),
  (12,28),
  (12,21),
  (12,16);

--for task 3 no need
-- INSERT INTO intrument_instructor_can_teach (instructor_id, instrument_can_teach_id) VALUES


INSERT INTO booking (date, time, instructor_id) 
VALUES
  ('2022-03-14','10:55',10),
  ('2022-01-11','14:59',9),
  ('2022-05-07','8:52',3),
  ('2022-02-04','14:54',9),
  ('2022-04-20','11:27',2),
  ('2022-04-01','8:36',7),
  ('2022-03-16','9:24',2),
  ('2022-05-15','8:58',7),
  ('2022-05-11','10:17',8),
  ('2022-05-28','12:46',4),
  ('2022-08-25','10:31',2),
  ('2022-03-26','11:54',4),
  ('2022-03-20','14:01',6),
  ('2022-03-17','8:00',3),
  ('2022-01-06','13:41',7),
  ('2022-08-10','11:48',7),
  ('2022-06-14','8:40',10),
  ('2022-08-26','12:51',9),
  ('2022-04-12','11:08',6),
  ('2022-03-03','9:23',7),
  ('2022-07-27','10:07',9),
  ('2022-12-09','12:38',9),
  ('2022-11-25','13:36',6),
  ('2022-09-12','13:14',7),
  ('2022-05-15','8:31',10),
  ('2022-02-25','13:40',3),
  ('2022-05-05','9:04',8),
  ('2022-03-18','9:04',5),
  ('2022-10-08','13:55',5),
  ('2022-12-22','9:15',6),
  ('2022-11-10','14:09',10),
  ('2022-12-12','9:43',1),
  ('2022-03-26','14:50',9),
  ('2022-01-19','12:21',2),
  ('2022-06-26','13:05',2),
  ('2022-01-06','14:47',3),
  ('2022-12-03','10:15',3),
  ('2022-12-07','8:36',6),
  ('2022-02-26','12:07',7),
  ('2022-12-14','8:18',2),
  ('2022-12-17','8:47',8),
  ('2022-12-07','8:49',9),
  ('2022-03-16','11:18',3),
  ('2022-07-10','11:45',2),
  ('2022-09-10','9:07',4),
  ('2022-05-05','8:50',4),
  ('2022-11-15','9:05',2),
  ('2022-12-31','12:16',5),
  ('2022-05-21','13:22',5),
  ('2022-08-16','12:17',8),
  ('2022-01-12','12:24',3),
  ('2022-08-10','9:18',5),
  ('2022-05-05','13:19',9),
  ('2022-05-05','13:33',8),
  ('2022-02-05','12:12',7),
  ('2022-12-28','14:09',4),
  ('2022-05-20','8:13',8),
  ('2022-03-05','11:26',1),
  ('2022-11-05','13:45',2),
  ('2022-05-16','13:51',2),
  ('2022-06-18','9:38',7),
  ('2022-04-15','13:52',4),
  ('2022-04-12','9:13',3),
  ('2022-06-15','13:35',2),
  ('2022-03-07','8:44',3),
  ('2022-07-18','11:46',8),
  ('2022-12-31','8:28',7),
  ('2022-01-07','14:09',3),
  ('2022-11-22','11:48',8),
  ('2022-06-14','11:42',4),
  ('2022-05-02','9:31',9),
  ('2022-02-15','14:18',2),
  ('2022-01-20','8:22',6),
  ('2022-12-21','12:49',2),
  ('2022-05-19','12:29',3),
  ('2022-10-06','11:05',3),
  ('2022-01-16','14:32',3),
  ('2022-03-13','8:18',7),
  ('2022-09-30','12:21',10),
  ('2022-12-04','10:18',4),
  ('2022-02-27','10:20',1),
  ('2022-10-05','8:57',6),
  ('2022-07-01','10:51',8),
  ('2022-03-08','8:25',5),
  ('2022-03-21','12:49',8),
  ('2022-08-29','11:56',3),
  ('2022-07-09','13:27',9),
  ('2022-09-19','10:58',9),
  ('2022-05-10','13:13',5),
  ('2022-07-17','10:48',10),
  ('2022-08-14','9:12',8),
  ('2022-07-11','12:58',6),
  ('2022-10-30','13:48',3),
  ('2022-11-30','10:18',6),
  ('2022-12-17','9:03',6),
  ('2022-10-29','12:11',4),
  ('2022-10-30','8:44',7),
  ('2022-08-10','11:39',6);

INSERT INTO booked_students (student_id, booking_id) VALUES

  (19,92),
  (17,22),
  (4,42),
  (26,25),
  (8,87),
  (23,54),
  (7,72),
  (7,53),
  (5,91),
  (3,51),
  (24,18),
  (4,23),
  (22,51),
  (16,53),
  (28,86),
  (14,33),
  (21,75),
  (13,27),
  (14,67),
  (29,81),
  (11,58),
  (5,67),
  (1,62),
  (30,86),
  (19,7),
  (22,4),
  (24,53),
  (5,97),
  (28,41),
  (27,90),
  (29,60),
  (7,65),
  (20,94),
  (23,46),
  (2,69),
  (26,54),
  (15,12),
  (30,61),
  (12,94),
  (25,88),
  (26,65),
  (28,37),
  (19,34),
  (30,23),
  (8,68),
  (2,57),
  (10,32),


  (1,20),
  (14,83),
  (14,38),
  (20,10),
  (9,34),
  (5,59),
  (21,76),
  (2,5),
  (27,32),
  (20,1),
  (16,9),
  (3,74),
  (12,33),
  (6,82),
  (29,89),
  (15,19),
  (3,13),
  (9,39),
  (14,76),
  (13,97),
  (19,87),
  (10,71),
  (7,91),
  (18,84),
  (7,68),
  (14,12),
  (6,17),
  (17,69),
  (6,15),
  (8,65),
  (7,94),
  (11,85),
  (6,80),
  (24,86),
  (17,2),
  (6,61),
  (3,91),
  (4,38),
  (9,72),
  (11,33),
  (4,40),
  (29,17),
  (1,52),
  (9,68),
  (5,90),
  (10,83),
  (2,74),
  (22,65),


  (16,71),
  (4,89),
  (24,77),
  (30,26),
  (13,13),
  (13,72),
  (20,64),
  (12,29),
  (2,98),
  (28,34),
  (14,19),
  (18,26),
  (7,36),
  (21,79),
  (5,27),
  (15,5),
  (12,72),
  (13,85),
  (28,50),
  (14,7),
  (18,11),
  (8,15),
  (28,85),
  (16,56),
  (7,63),
  (21,16),
  (6,90),
  (29,77),
  (16,35),
  (14,35),
  (21,94),
  (7,43),
  (3,82),
  (9,2),
  (15,85),
  (5,48),
  (5,56),
  (23,40),
  (30,89),
  (16,5),
  (8,92),
  (22,53),
  (14,65),
  (13,42),
  (16,62),
  (25,52),


  (8,63),
  (20,49),
  (28,42),
  (12,61),
  (1,86),
  (22,52),
  (16,11),
  (10,38),
  (7,95),
  (3,59),
  (15,4),
  (14,48),
  (9,48),
  (27,31),
  (21,67),
  (24,2),
  (25,71),
  (15,9),
  (9,88),
  (24,43),
  (3,2),
  (16,32),
  (8,50),
  (3,87),
  (23,86),
  (21,85),
  (18,19),
  (14,53),
  (23,10),
  (21,37),
  (10,73),
  (10,27),
  (6,55),
  (23,42),
  (16,52),
  (9,3),
  (16,7),
  (17,29),
  (6,9),
  (8,94),
  (5,98),
  (11,12),
  (3,4),
  (22,7),
  (19,88),
  (26,13),


  (25,11),
  (7,23),
  (17,63),
  (18,46),
  (23,28),
  (2,59),
  (29,22),
  (6,33),
  (28,56),
  (9,11),
  (14,86),
  (9,53),
  (30,27),
  (16,30),
  (4,11),
  (13,80),
  (18,81),
  (5,88),
  (8,47),
  (13,88),
  (22,25),
  (25,1),
  (7,11),
  (2,49),
  (12,50),
  (5,72),
  (15,14),
  (18,58),
  (18,35),
  (28,9),
  (20,90),
  (17,71),
  (30,85),
  (8,97),
  (5,81),
  (30,60),
  (25,4),
  (15,32),
  (1,90),
  (3,37),
  (3,49),
  (5,34),
  (29,53),
  (14,88),
  (26,32),


  (3,67),
  (20,33),
  (21,51),
  (2,73),
  (9,33),
  (5,52),
  (5,78),
  (27,66),
  (12,56),
  (9,82),
  (2,23),
  (16,16),
  (9,20),
  (10,72),
  (2,88),
  (22,67),
  (22,89),
  (7,60),
  (4,21),
  (11,55),
  (28,66),
  (30,83),
  (19,43),
  (4,44),
  (3,53),
  (27,26),
  (5,71),
  (4,57),
  (24,91),
  (19,40),
  (13,57),
  (11,81),
  (18,23),
  (5,53),
  (2,58),
  (2,37),
  (20,58),
  (26,77),
  (19,50),
  (27,9),
  (20,79),
  (23,56),
  (11,67),
  (8,93),
  (15,61),
  (23,85),
  (12,86),
  (12,16),


  (27,96),
  (27,13),
  (22,90),
  (13,81),
  (9,42),
  (14,39),
  (2,62),
  (7,56),
  (30,44),
  (5,8),
  (10,31),
  (2,50),
  (12,83),
  (10,80),
  (8,18),
  (16,39),
  (8,69),
  (5,60),
  (7,6),
  (5,63),
  (17,75),
  (24,7),
  (2,77),
  (6,48),
  (10,5),
  (4,52),
  (12,25),
  (17,95),
  (17,23),
  (3,88),
  (7,30),
  (15,56),
  (4,51),
  (11,77),
  (27,95),
  (10,30),
  (27,64),
  (28,43),
  (2,17),
  (24,90),
  (1,85),
  (10,74),
  (24,71),
  (17,9),

  (9,57),
  (8,67),
  (22,34),
  (21,43),
  (14,89),
  (20,47),
  (2,92),
  (4,4),
  (27,56),
  (19,15),
  (21,22),
  (30,98),
  (4,16),
  (20,30),
  (21,8),
  (4,33),
  (24,8),
  (23,60),
  (4,74),
  (26,81),
  (8,24),
  (4,92),
  (1,66),
  (12,67),
  (5,12),
  (19,32),
  (16,78),
  (20,67),
  (6,12),
  (9,62),
  (6,95),
  (24,41),
  (15,34),
  (15,70),
  (6,41),
  (15,3),
  (18,69),
  (26,62),
  (25,20),
  (26,92),
  (14,22),
  (8,90),
  (4,3),
  (27,45),
  (26,37),
  (14,18),


  (8,16),
  (3,98),
  (9,23),
  (2,8),
  (9,64),
  (23,98),
  (22,42),
  (11,23),
  (12,26),
  (6,85),
  (7,41),
  (21,90),
  (14,4),
  (6,6),
  (20,69),
  (18,39),
  (26,64),
  (24,82),
  (27,37),
  (18,63),
  (11,50),
  (9,79),
  (17,57),
  (27,70),
  (29,19),
  (10,19),
  (18,32),
  (16,19),
  (23,72),
  (2,34),
  (16,17),
  (15,68),
  (1,89),
  (25,55),
  (26,79),
  (8,54),
  (3,92),
  (26,89),
  (11,4),
  (17,15),
  (27,93),
  (8,45),
  (29,12),
  (13,15),
  (12,48),


  (15,27),
  (24,25),
  (4,6),
  (19,33),
  (7,17),
  (21,70),
  (17,14),
  (8,36),
  (5,51),
  (5,73),
  (18,13),
  (14,50),
  (15,67),
  (2,7),
  (28,2),
  (3,20),
  (8,78),
  (13,58),
  (13,45),
  (15,82),
  (29,28),
  (29,29),
  (20,93),
  (20,53),
  (28,95),
  (25,91),
  (7,98),
  (18,43),
  (28,69),
  (16,55),
  (23,7),
  (3,69),
  (10,14),
  (22,81),
  (21,89),
  (3,50),
  (12,59),
  (15,69),
  (10,10),
  (16,8),
  (24,46),
  (25,89);

-- For task 3 not needed: lesson_skill_level_id, lesson_price_id, lesson_instrument_id, genre_id
INSERT INTO lesson (booking_id, lesson_type_id, min_number_of_students, max_number_of_students, genre_id)
VALUES
  (1,1,NULL,NULL,NULL),
  (2,1,NULL,NULL,NULL),
  (3,1,NULL,NULL,NULL),
  (4,1,NULL,NULL,NULL),
  (5,1,NULL,NULL,NULL),
  (6,1,NULL,NULL,NULL),
  (7,1,NULL,NULL,NULL),
  (8,1,NULL,NULL,NULL),
  (9,1,NULL,NULL,NULL),
  (10,1,NULL,NULL,NULL),
  (11,1,NULL,NULL,NULL),
  (12,1,NULL,NULL,NULL),
  (13,1,NULL,NULL,NULL),
  (14,1,NULL,NULL,NULL),
  (15,1,NULL,NULL,NULL),
  (16,1,NULL,NULL,NULL),
  (17,1,NULL,NULL,NULL),
  (18,1,NULL,NULL,NULL),
  (19,1,NULL,NULL,NULL),
  (20,1,NULL,NULL,NULL),
  (21,1,NULL,NULL,NULL),
  (22,1,NULL,NULL,NULL),
  (23,1,NULL,NULL,NULL),
  (24,1,NULL,NULL,NULL),
  (25,1,NULL,NULL,NULL),
  (26,1,NULL,NULL,NULL),
  (27,1,NULL,NULL,NULL),
  (28,1,NULL,NULL,NULL),
  (29,1,NULL,NULL,NULL),
  (30,1,NULL,NULL,NULL),
  (31,1,NULL,NULL,NULL),
  (32,1,NULL,NULL,NULL),
  (33,1,NULL,NULL,NULL),
  (34,2,3,6,NULL),
  (35,2,3,6,NULL),
  (36,2,3,6,NULL),
  (37,2,3,6,NULL),
  (38,2,3,6,NULL),
  (39,2,3,6,NULL),
  (40,2,3,6,NULL),
  (41,2,3,6,NULL),
  (42,2,3,6,NULL),
  (43,2,3,6,NULL),
  (44,2,3,6,NULL),
  (45,2,3,6,NULL),
  (46,2,3,6,NULL),
  (47,2,3,6,NULL),
  (48,2,3,6,NULL),
  (49,2,3,6,NULL),
  (50,2,3,6,NULL),
  (51,2,3,6,NULL),
  (52,2,3,6,NULL),
  (53,2,3,6,NULL),
  (54,2,3,6,NULL),
  (55,2,3,6,NULL),
  (56,2,3,6,NULL),
  (57,2,3,6,NULL),
  (58,2,3,6,NULL),
  (59,2,3,6,NULL),
  (60,2,3,6,NULL),
  (61,2,3,6,NULL),
  (62,2,3,6,NULL),
  (63,2,3,6,NULL),
  (64,2,3,6,NULL),
  (65,2,3,6,NULL),
  (66,2,3,6,NULL),
  (67,3,2,4,3),
  (68,3,2,4,5),
  (69,3,2,4,7),
  (70,3,2,4,2),
  (71,3,2,4,1),
  (72,3,2,4,6),
  (73,3,2,4,4),
  (74,3,2,4,2),
  (75,3,2,4,2),
  (76,3,2,4,3),
  (77,3,2,4,5),
  (78,3,2,4,7),
  (79,3,2,4,6),
  (80,3,2,4,1),
  (81,3,2,4,2),
  (82,3,2,4,2),
  (83,3,2,4,3),
  (84,3,2,4,3),
  (85,3,2,4,4),
  (86,3,2,4,4),
  (87,3,2,4,2),
  (88,3,2,4,2),
  (89,3,2,4,1),
  (90,3,2,4,1),
  (91,3,2,4,1),
  (92,3,2,4,2),
  (93,3,2,4,3),
  (94,3,2,4,3),
  (95,3,2,4,4),
  (96,3,2,4,4),
  (97,3,2,4,6),
  (98,3,2,4,7);




